4544f022-3c46-4e8e-892f-6795eca2fc18,Madison Martinez,Franklin Pkwy,Cienega Springs,71815
fffb7c8b-e835-45ef-a9be-ab328dffbb29,Zoey Johnson,Franklin Rdg,Berkhamsted,09940
2fd6f037-f7f8-4c83-a88b-9301cbd5a0d0,Isabella Anderson,Madison Rd,Kingsbridge,48750
530ba057-7fe4-40e2-a963-d6d321470123,Ella Martinez,Jackson Rd,Buffalo City,89234
e02e0dbd-7861-4670-81b7-aeb8fb99ff84,Natalie Miller,Wilson Circle,Bury,32753
c625400d-1d01-4bc2-a5de-e397e66e999c,Jayden Martin,Washington Ter,New Deal,92805
196bf6f8-8a65-4283-bca7-b803af183f8c,Sofia Garcia,Adams Blvd,Newstead,27062
3f13bc7b-95a7-4617-b573-f22164b6d685,Andrew Brown,Jackson Blvd,Bury,98074
878a1500-7ab6-4f81-a43f-31359ac9e817,Elijah Martinez,Jackson St,Ransom Canyon,41434
44cdf99d-600d-4c24-afba-669e23824837,Alexander Johnson,Madison Ct,Cienega Springs,06834
2a506cac-ed22-4150-a92b-17330c231ece,Matthew Miller,Franklin Trl,Kingsbridge,35749
1c0b4284-333f-4492-bf58-dc9f492faaef,Aubrey Brown,Lincoln Pkwy,New Deal,04126
90ab6d25-da17-4b79-bc40-49182ca16841,Alexander Smith,Wilson Circle,Cienega Springs,54180
1ecb9f7b-af9d-491c-89ad-d92c5b7e2a21,Emily Jones,Adams Ter,Newstead,50262
fd73371f-1cb5-40ff-9a4c-fa0f4274fbb1,Joseph Davis,Jefferson Trl,Hoonah,04168
04c222d5-4d55-4760-9df4-dbde9c69b646,Michael Garcia,Adams Pkwy,Buffalo City,96104
01da0c5c-ce0b-4d63-8b84-4ddc4ecdf2e8,Mia Garcia,Wilson Ave,Plympton,74016
48b06e7d-6240-4e39-90bd-9d3f9b026786,Isabella Davis,Adams St,Skidaway Island,55516
72677040-af05-4957-b1c2-37da5d35076a,Emma White,Franklin Trl,San Martin,98445
30e2a784-35aa-425e-93e0-36d80a614522,Joshua Martin,Madison Pkwy,Berkhamsted,82883
5e1ce0d9-59b4-4159-8f67-3d891a1fc809,Charlotte Williams,Madison Circle,Cienega Springs,05669
8bbc7f15-9a14-4e10-81b1-a9000615fc54,Noah Smith,Jefferson Blvd,Hoonah,37513
37c7b384-0e9f-4d8c-b0b9-0c2134da2d4a,Elijah Martin,Lincoln Ct,Skidaway Island,08550
ffe226c2-bfd3-47f9-bbcf-90bf3be6b03f,Noah Brown,Madison Circle,Bury,88490
0193f960-f881-43c2-ad0c-1efb2d1b36db,Ella Anderson,Washington Rdg,Baldock,76120
c916e8ee-a987-4438-8c94-55aafbf86594,Aubrey Garcia,Franklin Ct,Bury,32477
d893de7d-f7b3-4ea8-81fd-9dbb0f93258b,Elizabeth Johnson,Jefferson Ave,San Martin,33254
6d7bd5f2-f5eb-45b3-bf4a-e1ea664b46ca,Matthew Wilson,Washington Trl,Burrton,95521
84d9ae7a-ae26-48f9-8ca1-f3984de4c9b3,Noah Harris,Jackson Circle,New Deal,16941
e9f74355-ea1a-4ece-82d5-e8d14b13752f,Madison Williams,Madison Blvd,Newstead,35120
455f6714-d45b-4f81-8fd1-b19c14fb10ae,Chloe White,Lincoln Pl,Burrton,07890
51b91656-dbe1-43b1-a5f8-e678ad343a65,William Martin,Madison Blvd,Buffalo City,78405
990d01f2-9333-4bb5-a50b-788bd1f51ea7,Aubrey White,Jefferson Rd,Campden,75018
f16a7399-ec43-48aa-95e9-40533fa8615d,Sofia Smith,Adams Pl,Ransom Canyon,52652
53779bb1-b2ba-4401-a14a-801d44790698,Emily Thompson,Wilson St,Kingsbridge,46569
a194ca1a-bfb0-45f3-882d-fa7780c2f026,Jacob Wilson,Lincoln Ter,Baldock,64818
ab2da604-3e36-41eb-82ca-925c117768d6,Chloe Anderson,Adams Ter,Skidaway Island,05379
c3bf665d-7de6-4a55-b0aa-a8aa0607797e,Emma Davis,Lincoln Ct,San Martin,72870
92637e8a-0316-40b5-95cf-5a32c48a5c0e,Madison Anderson,Lincoln St,Burrton,89897
d769c4e2-01cf-4037-937e-74051fab9cf1,Matthew Thompson,Wilson St,Derby Center,69164
4bd6e806-419a-465c-ba7c-005f5e64724e,Chloe Miller,Franklin Ct,Derby Center,52930
15dbe53b-1437-436e-aad4-ca105d6f8922,Aiden Martinez,Franklin Trl,Hoonah,54948
6e89dd97-70c0-471c-871b-0474dc3d9034,Daniel Thompson,Washington Circle,New Deal,98639
efeb4460-5982-40dd-90dd-eedf59720c59,Chloe Thompson,Jefferson Ct,Derby Center,90098
583834af-f757-4f27-9d04-44536bac4eb9,Ava Davis,Madison Circle,Brandwell,75705
b798f668-35ee-44ff-b929-0b834d14e5d1,Sophia Thomas,Franklin St,Brandwell,49096
8045f03e-4f69-499c-a4c5-87440fa04c48,Joseph Martin,Washington Pkwy,Plympton,33886
64c859f3-7ba9-412c-bf3b-75f310ab3cb5,Anthony Smith,Lincoln Rd,Lucien,74817
b1b2f1c3-3dc9-4504-9fcd-651f9ada93a5,Madison Harris,Washington Ave,Brandwell,80302
4a47a707-9b1c-4f31-af98-c1450c0454b3,Lily Davis,Adams Blvd,Hoonah,98253
456db97c-2b19-4452-82df-ec819ce7e2b4,Chloe Thomas,Franklin Blvd,Derby Center,06027
50971ed6-583e-4c95-80ba-45122b8e4b77,Aubrey Thompson,Madison Trl,Cienega Springs,71832
3a0858ce-195a-48bc-a543-945d89976cd1,Emma Williams,Jefferson Pl,Skidaway Island,98482
a69c140c-557d-40ff-abd6-82915056a751,Natalie Davis,Jefferson Ter,Brandwell,40497
f695d66c-6781-4817-aee9-c176e9d812e9,Matthew Thomas,Lincoln Ct,Campden,94912
c6f9547f-0009-488a-b1c3-fee5b6ed1fc3,Lily Brown,Jefferson Rd,Buffalo City,99013
d8a8a02f-0cbb-4a16-bfe5-76a430243ff7,Noah Davis,Adams Ter,Cienega Springs,28137
7885de93-b132-4940-b7b2-a5434b80d446,Andrew Robinson,Wilson Trl,Baldock,84627
6471c5c5-e7ca-444f-882b-769fabf10656,Emily Williams,Washington Rd,Northleach,17577
398cde46-fa91-4913-9385-5a3ee29bf6de,Ava Garcia,Wilson Pkwy,Kingsbridge,43047
5c052ef8-8fd7-4f68-8f34-c9a8b3bf509b,Mia Johnson,Jefferson Pkwy,San Martin,76676
2a4986b0-944a-48c6-9204-1e3cd22cb923,Andrew Garcia,Lincoln St,Cienega Springs,41770
70585756-273b-4623-b08e-d10bb53dc80b,Addison Smith,Lincoln Ct,Cienega Springs,70262
36966d61-4e6b-4386-bcd4-8dfbe6b3fdff,Jacob Robinson,Jackson Rdg,Northleach,98120
0aa5da6d-8891-4079-a235-77c3b1d021c2,Elijah Smith,Jackson Rd,Campden,01829
7d1b8496-c2d3-43d6-971b-be17349589fc,Alexander Thomas,Jackson Rd,Bury,54034
aad79209-35d2-4925-8490-f94f397ed642,Charlotte Martin,Jefferson Trl,Burrton,79987
6d2daba0-b4d5-45d5-8104-cdb55681838d,David Anderson,Franklin Pl,San Martin,48515
34238dc7-53b6-4d2d-8108-445003e6afb8,Ella White,Franklin St,Brandwell,35549
969852cb-9345-4fe5-8991-c2e954d788ce,David White,Madison Pl,Baldock,81532
8bb1945d-8021-4639-a45a-5a19bb2f7f6a,Sophia Wilson,Wilson Ter,Cienega Springs,06362
76f81992-2326-4268-a8e7-ab3546a71f6d,David Miller,Adams Ter,Lucien,60512
ba6fc1a7-29a1-48f0-bc37-0d3add737502,Joseph Williams,Wilson Ct,Derby Center,44747
ca65a614-3a1e-4ba7-acd4-6dfcb20ccecb,Joseph Martinez,Adams Rdg,Lucien,37257
14b5dd05-53ca-4a2c-a524-e177dd890436,Aubrey Thompson,Madison Circle,Lucien,66779
7e761280-63e4-4cc4-af2c-8f52fd11bfcf,William Harris,Madison Rdg,Burrton,44875
63234bf8-efeb-468c-a812-83d811b89092,Charlotte Thompson,Franklin St,Hoonah,74236
665cd4ca-6470-47c2-9d95-a14f2c2c3a3d,Chloe Jackson,Jefferson Trl,New Deal,70948
f9153db1-4b39-43d0-b4df-d551c31df4ad,David Robinson,Washington Ave,Lucien,93062
a8f53b1f-fc21-492f-9b46-f95b87633f0a,Mason Davis,Jefferson Rdg,Ransom Canyon,81138
62a78785-a793-4bf7-a26b-19f49f6ac4d6,Olivia Robinson,Madison Ter,Bury,33628
1871213b-a49a-4a5b-8b5e-67a4c95266fd,Zoey White,Adams Pkwy,Derby Center,86058
851984d9-aac8-452b-93dd-6d605b55ac07,Abigail Thomas,Madison Pl,Baldock,34991
3fd01882-19fc-42d2-88f4-f62a7085eb56,Addison Williams,Franklin Ct,Kingsbridge,85703
17ed43e4-a1df-4060-aaa8-a546e8b7d2d9,Mia Brown,Jackson Ave,Northleach,72792
43b22901-877b-4294-9cd2-8bab0f1f9538,Olivia Robinson,Washington Rdg,Burrton,87325
0d42c723-b698-4e7b-9545-32199e58a0e4,Emily Moore,Washington Pl,New Deal,25861
cc9c5337-857d-4f25-b0bd-c3e55b429c9c,Avery Harris,Madison Trl,Cienega Springs,93568
703f6e7e-0523-4f0f-9b5e-2c086ca556a5,Sophia Thomas,Jackson Blvd,New Deal,76616
8c84c48b-ab62-4416-8edf-6efec083b1c6,Joseph White,Jackson Ter,Lucien,04732
997bec76-97a0-4dc7-b346-81881036d4a1,Matthew Smith,Franklin Pkwy,Campden,18874
9cbf945d-4719-4500-9e0d-0f718573234d,Alexander Jackson,Lincoln Circle,Plympton,64170
8b6c4d59-2d7c-499b-9f33-4ac1e6e8230c,Noah Martin,Lincoln Rdg,Derby Center,80937
dd5d0043-e363-4607-be09-1e14d8edf469,Mia Miller,Adams Ave,Baldock,99866
9822b34b-8b7f-4a7e-999b-c14b62c58d2c,Jayden White,Adams Pkwy,Brandwell,14862
262631d7-b83e-4cb3-b74c-d60ea289b5d1,Addison Martin,Adams Ave,Burrton,89578
85d91068-4f62-447d-ab46-5386049c9637,James Anderson,Madison Circle,New Deal,25299
0d74c663-864e-468e-a659-8a9905d170fd,Mia Anderson,Washington Ct,Brandwell,75818
6b24725f-0d7f-4fcc-a018-1fc233095ef9,Chloe Harris,Franklin St,Plympton,75320
49fc9140-b8c1-46b9-8830-97622ca7b056,Joseph Johnson,Adams Ter,Buffalo City,62577
